YMH6360YP0,ATT7791R,AMS,DEN,1420564394,1001
UES9151GS5,JVY9791G,PVG,FCO,1420564561,1189
MXU9187YC7,RUM0422W,MUC,MAD,1420563539,194
EZC9678QI6,XOY7948U,ATL,LHR,1420564038,877
CKZ3132BR4,GMO5938W,LHR,PEK,1420564317,1057
POP2875LH3,RPG3351U,HND,CAN,1420563569,374
CKZ3132BR4,JVY9791G,PVG,FCO,1420564561,1189
BWI0520BG6,EWH6301Y,CAN,DFW,1420564967,1683
LLZ3798PE3,QHU1140O,CDG,LAS,1420564498,1133
LLZ3798PE3,JVY9791G,PVG,FCO,1420564561,1189
CDC0302NN5,HZT2506M,IAH,AMS,1420564324,1044
CYJ0225CH1,XXQ4064B,JFK,FRA,1420563917,802
PUD8209OG3,VDC9164W,FCO,LAS,1420564698,1276
LLZ3798PE3,YZO4444S,BKK,MIA,1420565330,2027
PIT2755XC1,VYW5940P,LAS,SIN,1420565203,1843
POP2875LH3,MOO1786A,MAD,FRA,1420563408,184
PUD8209OG3,BER7172M,KUL,LAS,1420565167,1848
POP2875LH3,FYL5866L,ATL,HKG,1420565140,1751
PIT2755XC1,WSK1289Z,CLT,DEN,1420563542,278
MXU9187YC7,SQU6245R,DEN,FRA,1420564460,1049
BWI0520BG6,EWH6301Y,CAN,DFW,1420564967,1683
IEG9308EA5,DKZ3042O,MIA,SFO,1420563927,538
HGO4350KK1,SQU6245R,DEN,FRA,1420564460,1049
CKZ3132BR4,FYL5866L,ATL,HKG,1420565140,1751
HCA3158QA6,ULZ8130D,CAN,DFW,1420564983,1683
BWI0520BG6,MOO1786A,MAD,FRA,1420563408,184
CXN7304ER2,WPW9201U,DFW,PEK,1420564869,1452
HCA3158QA6,PME8178S,DEN,PEK,1420564409,1322
CKZ3132BR4,XOY7948U,ATL,LHR,1420564038,877
POP2875LH3,FYL5866L,ATL,HKG,1420565140,1751
PAJ3974RK1,RPG3351U,HND,CAN,1420563569,374
YMH6360YP0,KJR6646J,IAH,BKK,1420565203,1928
JBE2302VO4,GMO5938W,LHR,PEK,1420564317,1057
CYJ0225CH1,XIL3623J,PEK,LAX,1420564414,1302
BWI0520BG6,GMO5938W,LHR,PEK,1420564317,1057
JBE2302VO4,RPG3351U,HND,CAN,1420563569,374
WBE6935NU3,BER7172M,KUL,LAS,1420565167,1848
CKZ3132BR4,TMV7633W,CGK,DXB,1420563958,849
DAZ3029XA0,XIL3623J,PEK,LAX,1420564414,1302
POP2875LH3,VYU9214I,ORD,DXB,1420564716,1510
CKZ3132BR4,VYW5940P,LAS,SIN,1420565203,1843
JBE2302VO4,JVY9791G,PVG,FCO,1420564561,1189
HCA3158QA6,SQU6245R,DEN,FRA,1420564460,1049
HCA3158QA6,KJR6646J,IAH,BKK,1420565203,1928
PUD8209OG3,XXQ4064B,JFK,FRA,1420563917,802
PUD8209OG3,KJR6646J,IAH,BKK,1420565203,1928
XFG5747ZT9,WSK1289Z,CLT,DEN,1420563542,278
EZC9678QI6,VYW5940P,LAS,SIN,1420565203,1843
JBE2302VO4,VDC9164W,FCO,LAS,1420564698,1276
SJD8775RZ4,SOH3431A,ORD,MIA,1420563649,250
ONL0812DH1,TMV7633W,CGK,DXB,1420563958,849
JBE2302VO4,KJR6646J,IAH,BKK,1420565203,1928
CXN7304ER2,VYW5940P,LAS,SIN,1420565203,1843
VZY2993ME1,XIL3623J,PEK,LAX,1420564414,1302
EDV2089LK5,YZO4444S,BKK,MIA,1420565330,2027
DAZ3029XA0,KJR6646J,IAH,BKK,1420565203,1928
WTC9125IE5,TMV7633W,CGK,DXB,1420563958,849
CXN7304ER2,VDC9164W,FCO,LAS,1420564698,1276
SPR4484HA6,RUM0422W,MUC,MAD,1420563539,194
SJD8775RZ4,BER7172M,KUL,LAS,1420565167,1848
HCA3158QA6,JVY9791G,PVG,FCO,1420564561,1189
UES9151GS5,KJR6646J,IAH,BKK,1420565203,1928
WYU2010YH8,WPW9201U,DFW,PEK,1420564869,1452
BWI0520BG6,RUM0422W,MUC,MAD,1420563539,194
CKZ3132BR4,HUR0974O,DEN,PVG,1420564525,1398
SPR4484HA6,WSK1289Z,CLT,DEN,1420563542,278
WTC9125IE5,ULZ8130D,CAN,DFW,1420564983,1683
HCA3158QA6,SQU6245R,DEN,FRA,1420564460,1049
JBE2302VO4,RPG3351U,HND,CAN,1420563569,374
EZC9678QI6,FYL5866L,ATL,HKG,1420565140,1751
HCA3158QA6,TMV7633W,CGK,DXB,1420563958,849
HGO4350KK1,HZT2506M,IAH,AMS,1420564324,1044
WTC9125IE5,XOY7948U,ATL,LHR,1420564038,877
WYU2010YH8,FYL5866L,ATL,HKG,1420565140,1751
BWI0520BG6,VDC9164W,FCO,LAS,1420564698,1276
CKZ3132BR4,QHU1140O,CDG,LAS,1420564498,1133
SPR4484HA6,ATT7791R,AMS,DEN,1420564394,1001
MXU9187YC7,ATT7791R,AMS,DEN,1420564394,1001
VZY2993ME1,WSK1289Z,CLT,DEN,1420563542,278
PUD8209OG3,YZO4444S,BKK,MIA,1420565330,2027
VZY2993ME1,TMV7633W,CGK,DXB,1420563958,849
HGO4350KK1,XOY7948U,ATL,LHR,1420564038,877
EZC9678QI6,MBA8071P,KUL,PEK,1420563856,572
PUD8209OG3,SQU6245R,DEN,FRA,1420564460,1049
VZY2993ME1,WSK1289Z,CLT,DEN,1420563542,278
WBE6935NU3,RPG3351U,HND,CAN,1420563569,374
YMH6360YP0,PME8178S,DEN,PEK,1420564409,1322
PUD8209OG3,KJR6646J,IAH,BKK,1420565203,1928
XFG5747ZT9,SQU6245R,DEN,FRA,1420564460,1049
HGO4350KK1,VYU9214I,ORD,DXB,1420564716,1510
HGO4350KK1,YZO4444S,BKK,MIA,1420565330,2027
POP2875LH3,XOY7948U,ATL,LHR,1420564038,877
CKZ3132BR4,QHU1140O,CDG,LAS,1420564498,1133
SPR4484HA6,BER7172M,KUL,LAS,1420565167,1848
SPR4484HA6,BER7172M,KUL,LAS,1420565167,1848
CKZ3132BR4,XXQ4064B,JFK,FRA,1420563917,802
CXN7304ER2,FYL5866L,ATL,HKG,1420565140,1751
HGO4350KK1,RUM0422W,MUC,MAD,1420563539,194
KKP5277HZ7,VYW5940P,LAS,SIN,1420565203,1843
CYJ0225CH1,DAU2617A,CGK,SFO,1420564986,1811
